group_a,group_b,jaccard_distance_est
BHM|OKC,TOL|AZA,0.0
EWR|OGG,TOL|AZA,0.0
EWR|PSP,FNT|FLL,0.0
LAS|GJT,MSY|IND,0.0
MSY|BUF,MIA|LBB,0.0
SRQ|ELM,EWR|OGG,0.0
OAK|MSY,FNT|FLL,0.0
MIA|LBB,MSY|BUF,0.0
EWR|OGG,EWR|PSP,0.0
TOL|AZA,CLT|MVY,0.0
PDX|CID,MSY|OKC,0.0
BHM|OKC,ORF|STL,0.0
DTW|OKC,ROC|MYR,0.0
SRQ|ELM,EWR|PSP,0.0
PHL|CID,JFK|STL,0.0
OAK|BWI,BHM|OKC,0.0
TOL|AZA,ORF|STL,0.0
FNT|FLL,BHM|OKC,0.0
MSY|BUF,DTW|LNK,0.0
FNT|FLL,OAK|MSY,0.0
MSN|BHM,OAK|BWI,0.0
SRQ|ELM,MSY|IND,0.0
MCO|CHS,PDX|CID,0.0
EWR|PSP,MSN|BHM,0.0
BHM|OKC,OAK|BWI,0.0
OAK|BWI,EWR|PSP,0.0
CLT|MVY,OAK|MSY,0.0
PDX|CID,MCO|CHS,0.0
BHM|OKC,MSY|IND,0.0
EWR|PSP,ORF|STL,0.0
LAS|GJT,BHM|OKC,0.0
TOL|AZA,EWR|PSP,0.0
SRQ|ELM,OAK|BWI,0.0
MSY|IND,OAK|MSY,0.0
FNT|FLL,EWR|OGG,0.0
OAK|BWI,ORF|STL,0.0
SBN|LAX,LAX|SBN,0.0
OAK|BWI,EWR|OGG,0.0
EWR|OGG,MSY|IND,0.0
PHL|CID,BUF|MSY,0.0
PHL|CID,GRB|PHL,0.0
EWR|OGG,FNT|FLL,0.0
TOL|AZA,MSY|IND,0.0
MIA|LBB,PHL|CID,0.0
EWR|PSP,ITH|EWR,0.0
ITH|EWR,ORF|STL,0.0
ITH|EWR,EWR|OGG,0.0
JFK|STL,PHL|CID,0.0
TOL|AZA,OAK|MSY,0.0
EWR|PSP,OAK|BWI,0.0
ITH|EWR,SRQ|ELM,0.0
MSY|IND,OAK|BWI,0.0
SRQ|ELM,OAK|MSY,0.0
LAS|GJT,OAK|BWI,0.0
JFK|STL,DTW|LNK,0.0
SRQ|ELM,TOL|AZA,0.0
BUF|MSY,GRB|PHL,0.0
LAS|GJT,EWR|OGG,0.0
FNT|FLL,MSY|IND,0.0
CLT|MVY,EWR|PSP,0.0
EWR|PSP,EWR|OGG,0.0
OAK|BWI,SRQ|ELM,0.0
DTW|LNK,PHL|CID,0.0
EWR|PSP,MSY|IND,0.0
OAK|MSY,OAK|BWI,0.0
ITH|EWR,MSY|IND,0.0
ITH|EWR,TOL|AZA,0.0
BHM|OKC,ITH|EWR,0.0
CLT|MVY,LAS|GJT,0.0
BUF|MSY,MIA|LBB,0.0
ITH|EWR,OAK|BWI,0.0
OAK|MSY,BHM|OKC,0.0
BHM|OKC,EWR|PSP,0.0
EWR|PSP,OAK|MSY,0.0
MSN|BHM,EWR|OGG,0.0
MIA|LBB,DTW|LNK,0.0
LAS|GJT,TOL|AZA,0.0
GRB|PHL,DTW|LNK,0.0
MSN|BHM,OAK|MSY,0.0
EWR|OGG,OAK|BWI,0.0
TOL|AZA,ITH|EWR,0.0
DTW|LNK,MIA|LBB,0.0
TOL|AZA,BHM|OKC,0.0
MSY|BUF,BUF|MSY,0.0
MSY|IND,ITH|EWR,0.0
BUF|MSY,PHL|CID,0.0
LAS|GJT,FNT|FLL,0.0
ORF|STL,CLT|MVY,0.0
ITH|EWR,MSN|BHM,0.0
MSN|BHM,ITH|EWR,0.0
OAK|MSY,TOL|AZA,0.0
OAK|MSY,ITH|EWR,0.0
JFK|STL,MIA|LBB,0.0
OAK|MSY,MSY|IND,0.0
GRB|PHL,BUF|MSY,0.0
ORF|STL,TOL|AZA,0.0
MSY|IND,FNT|FLL,0.0
MSY|IND,SRQ|ELM,0.0
TOL|AZA,OAK|BWI,0.0
FNT|FLL,SRQ|ELM,0.0
