Batch,Throughput_Recs_Sec,p50_Latency_Sec,p99_Latency_Sec
1,1360.6632282080539,1.2707890541849123,2.605297407781867
2,1341.7826559755742,1.300524908061143,2.3887207783631106
3,1383.690574212166,1.215364952451482,2.409975313188966
4,1424.6991787043303,1.2591153447547958,2.3593971562397726
5,1412.6390549589962,1.185060239584476,2.2787275185560127
6,1428.472479165809,1.1536128807113155,2.4276527299336754
7,1395.8577538776092,1.1873733489439637,2.5003852168334566
8,1408.3266055937154,1.1394827940353696,2.3270771598943334
9,1368.7993287170316,1.300725415376118,2.6776523428880443
10,1331.769523392404,1.1436545197630217,2.383742587564264
11,1442.1542374715286,1.2589629759302574,2.5433449983039367
12,1405.1129105614202,1.1221164823030036,2.297810438208594
13,1453.2686073566454,1.1802789740229014,2.4486897440516158
14,1399.8617459254615,1.2752577551291417,2.468348619201525
15,1388.000634176723,1.2192890497921243,2.474523719115714
16,1349.590192738599,1.2095670273703565,2.346173251855684
17,1442.5323566860748,1.2659792408716464,2.35689186334251
18,1399.7302148940653,1.191984615121293,2.503011600745189
19,1384.539121965134,1.2308914673090563,2.3914766308641884
20,1363.26522188944,1.2356335303462773,2.2714815459841455
21,1385.937515898165,1.1073625745831586,2.365483867113647
22,1377.5190218652785,1.1563252271606532,2.458493129726396
23,1355.7013047058051,1.2643317106764695,2.492568620053042
24,1416.9427374711502,1.2560599237845702,2.3669834701986563
25,1386.7668954469,1.172573405822645,2.3623133938815553
26,1384.0214497886795,1.0983205573320662,2.370194770480056
27,1474.858711912454,1.1973721623913325,2.2444475046633654
28,1433.8769786719647,1.2076891606989397,2.5727907248317363
29,1361.1508295969666,1.1549979892540285,2.580549472669532
30,1452.3143466935928,1.1478931605827423,2.3549650974344343
31,1395.4807522535102,1.2040204220609139,2.232552385845528
32,1398.3945747092446,1.2120336289211164,2.0960129863778154
33,1389.000585484196,1.218764150022322,2.495535936021019
34,1462.150431845093,1.2008396487387842,2.244117672850052
35,1416.5517242580333,1.2257999220007876,2.42403695319903
36,1419.467624421798,1.1570654541809107,2.2733358965021573
37,1382.092044018121,1.257352580747334,2.308832821289517
38,1455.4287556948534,1.188573573511305,2.470968005559288
39,1402.0161437977981,1.1634089467720423,2.274474738543357
40,1444.5218188679057,1.1318130658397574,2.3540198703800312
41,1472.030514523333,1.254278199937209,2.4893583321829773
42,1411.6113877434118,1.2107498152356146,2.5950854778644366
43,1425.5059388672325,1.2684930090880955,2.503091428900865
44,1392.2250844767293,1.2129492889144982,2.511430810777468
45,1415.1744828518003,1.2662421767483503,2.4285043575809193
46,1424.2194318067309,1.2594194048815508,2.3596608923107762
47,1411.49152068293,1.1336210513096965,2.322960671056872
48,1429.4878388102443,1.188835752199042,2.4946600779634034
49,1435.2222744541436,1.1622898704842661,2.435106765672591
50,1390.2897495820416,1.1751732431177362,2.4259400265984405
51,1355.0806168516074,1.2188303225044197,2.25564452279525
52,1406.754958262462,1.2073734281375479,2.376414898596588
53,1403.185732164376,1.2214781283760445,2.3140545638752106
54,1444.2960565694034,1.2052609015123827,2.528975677034813
55,1395.6720107572578,1.200688771261404,2.4995303297557787
56,1427.7132347070778,1.2158248676389367,2.723107079832797
57,1436.2744318216164,1.1821011433861028,2.3817826209385813
58,1376.789382350045,1.2524537909646547,2.2921594459756096
59,1438.8821377106271,1.203692244339174,2.426181971188447
60,1455.334094728209,1.2572892639559021,2.3354973708585414
61,1334.8889536132695,1.1678154951748814,2.5217107309944047
62,1420.7206090641769,1.208968873480588,2.5900110733586477
63,1448.1928723817662,1.2154984097443662,2.4954358873912437
64,1445.3785131230302,1.1584168783319986,2.6271186776054134
65,1441.8782480448215,1.1627438389368308,2.486787879115647
66,1338.1855556940895,1.186052117208112,2.40944804063748
67,1412.570982362325,1.2687584157560732,2.6179246469680333
68,1359.5050767335429,1.146925989899153,2.3921068285480414
69,1394.814221762962,1.2106845024866648,2.5757216477066613
70,1422.7533461759447,1.195749648202433,2.2347974890427733
71,1388.809769635189,1.2376518876945946,2.0971887641884805
72,1402.9138011300013,1.1716386591683627,2.40607319040347
73,1395.8818166329675,1.2142112559559697,2.229890691905517
74,1435.6517205164319,1.1362395794461095,2.493031318989782
75,1471.6516660231061,1.1405716196857292,2.212061939629752
76,1458.7542898282916,1.1646668371178734,2.385645223791479
77,1406.3533027495732,1.2450039086771338,2.143482156913409
78,1370.9967823758507,1.2048322460811727,2.2124941147132033
79,1422.9545689284564,1.2224830533607498,2.3897870791678173
80,1407.5195267892236,1.3048531785763702,2.5827192194697917
81,1413.0844559007028,1.1976115128712035,2.3568337519510636
82,1424.4440131383922,1.1529602293796335,2.170443481686651
83,1438.5527283683077,1.197262472521103,2.4885606385414185
84,1406.430182688765,1.2025559235884353,2.581336057486805
85,1412.9326300433968,1.2596691249576515,2.337298962909512
86,1370.044271842772,1.3414431664972697,2.4436486612778308
87,1369.785402872059,1.2395587984075844,2.317279329326774
88,1419.704669606249,1.2378955756159582,2.3159312075289367
89,1388.0126042589404,1.2588584718780305,2.363813525952007
90,1466.3796747711885,1.198057743134089,2.3192053983622647
91,1421.7846858326961,1.1438743821096808,2.5164232263299815
92,1398.9704953292226,1.133873388979679,2.430375906047241
93,1467.0465334999662,1.2414650670105505,2.4185716242571655
94,1448.1659508447565,1.2114587006290942,2.3042217277146033
95,1431.4569752064956,1.2843476633539261,2.2260820816166964
96,1438.4042449900294,1.2017603819146212,2.408211131554363
97,1439.3120416966578,1.2113418945232814,2.5395249755359175
98,1367.6702469729764,1.2294138918877904,2.323275595751138
99,1356.3175501096678,1.1982343763211503,2.517787081711861
100,1325.9840034223384,1.2201598440998018,2.595125193502996
101,1430.6047733832422,1.2262038416949113,2.384673639247947
102,1436.0039464873876,1.1882773126419435,2.523625720686352
103,1440.2320340232613,1.2460100121870197,2.2564298234607096
104,1407.8985677734765,1.25687302206898,2.361725922748901
105,1389.7361644778252,1.256790180887246,2.3815152808013984
106,1416.769851879799,1.236390078693107,2.5791437158068593
107,1401.588906332841,1.2445591009123564,2.603985943534073
108,1376.5068717030988,1.2405437421522747,2.416625551133591
109,1398.1865411505942,1.1830553460956086,2.2858235398701847
110,1424.6502076808633,1.2492382239421442,2.4748426343269623
111,1441.8196901018248,1.167880451521718,2.358704811758311
112,1440.540552833455,1.2116285228102481,2.314083932932407
113,1370.4110739263103,1.2121087618594997,2.1665708676252877
114,1423.7294652145915,1.2775459989033728,2.5679252692543284
115,1397.0929474287534,1.2410795389277962,2.4270297682126385
116,1439.8575734681174,1.177170178489545,2.2746532326543996
117,1451.2067148533818,1.1814911056423314,2.5846055299104886
118,1458.1523896822864,1.2014072531743505,2.4703473496336463
119,1405.8702711950855,1.2081326740135552,2.443487424844048
120,1453.8104563061545,1.1962022409627102,2.4873919563551996
121,1514.461678729555,1.2759241190461938,2.462058856976956
122,1442.9665776874147,1.2224733990151078,2.499774360565881
123,1415.0544283789952,1.2289052504993014,2.4682306921100987
124,1406.4846221348541,1.2490329046900237,2.6093989577346934
125,1433.2959936377138,1.1419157112125127,2.2806422101187955
126,1450.4406522563193,1.2184051411706505,2.5107859685078004
127,1424.5198412902703,1.326742252614241,2.178811722349341
128,1460.007425570434,1.2165383139536368,2.4485730768364737
129,1402.2102612624462,1.159560302077269,2.4095198568298355
130,1440.9521868543611,1.1849622694287094,2.508145649290164
131,1426.4708832367119,1.1612243488181762,2.3047438660040953
132,1404.1136420756181,1.1312179364692285,2.391200738265132
133,1410.1260371588846,1.1815029707042088,2.412711706510699
134,1403.2539661649262,1.1932650867255916,2.3966374666336345
135,1419.2899361031023,1.1591216674538563,2.4067011451175575
136,1403.848836841888,1.1688353187406775,2.644259375778652
137,1433.6896792094503,1.23141392978729,2.5645392794880113
138,1409.531294660456,1.2519939938044273,2.4144703129095006
139,1439.580232478758,1.1980138325089125,2.4702918378883805
140,1402.57014857726,1.1595842563594374,2.4777966595782472
141,1455.6566233798824,1.1375442501128858,2.3829695514315397
142,1374.0904087541485,1.2030162230519132,2.43902837635292
143,1400.1003952931123,1.1517459183250884,2.2324493407389885
144,1360.9761204035474,1.1917624837328307,2.1303021643676883
145,1347.1937642742894,1.1695477485514205,2.3189103649950638
146,1534.217021003953,1.3044269727994264,2.4441011529898535
147,1480.0941864343083,1.1572075080193867,2.4723034830325425
148,1471.7938639459687,1.1935165996157384,2.3426469848715166
149,1483.8873127664838,1.2660025148144627,2.2866548155129336
150,1376.9129376453477,1.220072407734854,2.4345211371177444
