origin,carrier,flight_count,avg_delay
ATL,DL,217011,14.742040726046145
DFW,AA,149715,25.90192031526567
CLT,AA,107622,18.003967590269646
DEN,UA,96736,16.25326662256037
ORD,UA,87012,18.10083666620696
DEN,WN,82515,20.5133127310186
LAS,WN,78822,15.806500723148359
SEA,AS,69422,13.020771513353116
DEN,OO,68501,18.320915023138348
IAH,UA,65785,16.362894276810824
BWI,WN,65692,17.230195457589964
DAL,WN,63049,16.201573379435043
MDW,WN,62225,15.08107673764564
PHX,WN,61675,15.248609647344953
ORD,OO,61271,26.30874312480619
EWR,UA,60916,18.994402127519862
DFW,MQ,60904,10.201070537238934
MSP,DL,60715,14.06173103845837
MIA,AA,57492,20.990450845335005
DTW,DL,54115,14.863069389263606
SFO,UA,52935,11.721450835930858
BNA,WN,51933,15.507153447711474
ORD,AA,51768,25.601703755215578
PHX,AA,49859,15.142321346196274
SLC,DL,49764,11.993469174503657
LGA,YX,48716,14.853046227112243
HOU,WN,46665,13.60422157934212
CLT,OH,43592,17.609354927509635
MCO,WN,43035,17.369141396537703
ORD,MQ,42883,13.574913135741436
PHL,AA,41242,20.996484166626256
DCA,OH,37873,25.510970876349905
STL,WN,37323,14.96645500093776
LAX,OO,36801,10.747751419798375
BOS,B6,35465,19.489581277315665
AUS,WN,34127,15.811087994842794
LAX,DL,33290,13.218504055271854
JFK,B6,32822,20.90317469989641
SAN,WN,32435,16.15637428703561
SLC,OO,32368,6.3286270390509145
IAD,UA,31933,14.357968246015094
SFO,OO,30352,14.401126779124935
HNL,HA,29866,8.735284269738164
SMF,WN,29433,11.938436448883905
SEA,DL,29146,12.923076923076923
BOS,YX,28852,15.295612089283239
JFK,DL,27812,16.673558176326765
OAK,WN,27584,11.589290893271462
LAX,AA,27286,19.248332478193944
ORD,YX,26967,14.376534282641748
